{
  "total_projects": 159,
  "total_value": 11613299605.780003,
  "unique_contractors": 5,
  "contractors": [
    {
      "name": "L.R. TIQUI BUILDERS, INC.",
      "coa_reason": "Named in flagged Bulacan works, associated with M3 Konstract JVs",
      "coa_source": "COA reports",
      "project_count": 52,
      "total_value": 4557212006.92,
      "projects": [
        {
          "project_id": "f6651c63-e040-49c9-b098-190b9c8582b8",
          "description": "Improvement of Balanti Creek and Russet Pumping Station, Brgy. Concepcion Dos, Marikina City",
          "location": "None, MARIKINA CITY",
          "year": 2021,
          "cost": 46531568.36,
          "suspicion_score": 100
        },
        {
          "project_id": "9031371f-e8bf-4687-8cec-19104e803b15",
          "description": "Rehabilitation of Drainage System at Barangay Concepcion Dos, Marikina City",
          "location": "None, MARIKINA CITY",
          "year": 2021,
          "cost": 74449237.08,
          "suspicion_score": 100
        },
        {
          "project_id": "80010302-23a9-4b2e-91ad-1a1d188bd889",
          "description": "Construction of Flood Control along Tarlac River Control Right Dike, Salapungan - Sta. Cruz Section ",
          "location": "CITY OF TARLAC (CAPITAL) (TARLAC), TARLAC",
          "year": 2024,
          "cost": 99000000.0,
          "suspicion_score": 80
        },
        {
          "project_id": "2c2eb7b7-077d-4f6b-a8e7-03a3825601e2",
          "description": "Construction of Flood Control along Tarlac River Control Right Dike, Salapungan - Sta. Cruz Section ",
          "location": "CITY OF TARLAC (CAPITAL) (TARLAC), TARLAC",
          "year": 2024,
          "cost": 99000000.0,
          "suspicion_score": 80
        },
        {
          "project_id": "422fea49-c7ec-47b0-98bc-173b0ca5ecbe",
          "description": "Construction of Flood Control Structure along Angat River, Barangay Poblacion Plaridel, Bulacan (K01",
          "location": "PLARIDEL (BULACAN), BULACAN",
          "year": 2023,
          "cost": 69841235.75,
          "suspicion_score": 80
        },
        {
          "project_id": "4f0ce712-250a-43e6-b2dc-79b94e00d065",
          "description": "Construction of River Control Project at Barangay Piel, Sta. 01+000 to Sta. 01+400, Baliuag, Bulacan",
          "location": "CITY OF BALIUAG (BULACAN), BULACAN",
          "year": 2023,
          "cost": 96499420.64,
          "suspicion_score": 80
        },
        {
          "project_id": "6c644a96-411a-49b0-afb7-a109c7082bf8",
          "description": "Construction of Flood Control Structure at Barangay Pagala, Baliuag, Bulacan (K003+161 to K003+461)",
          "location": "CITY OF BALIUAG (BULACAN), BULACAN",
          "year": 2023,
          "cost": 71915112.64,
          "suspicion_score": 80
        },
        {
          "project_id": "ca35b94c-cf58-43ba-bd29-1e4d21eaed71",
          "description": "Construction of Riverwall at Barangay Piel, Sta. 01+410 to Sta. 01+810, Baliuag, Bulacan",
          "location": "CITY OF BALIUAG (BULACAN), BULACAN",
          "year": 2023,
          "cost": 96498956.85,
          "suspicion_score": 80
        },
        {
          "project_id": "9dca6a68-93c1-45de-bf36-f6fd81577b09",
          "description": "Rehabilitation of Waterways and Construction of Concrete Slope Protection with Steel Sheet Piles alo",
          "location": "BOCAUE (BULACAN), BULACAN",
          "year": 2023,
          "cost": 77682498.59,
          "suspicion_score": 80
        },
        {
          "project_id": "136a3cf5-a4c4-4edb-b69a-9a9a0117baae",
          "description": "Construction of River Control Project at Barangay Pagala, Sta. 00+500 to Sta. 00+900, Baliuag, Bulac",
          "location": "CITY OF BALIUAG (BULACAN), BULACAN",
          "year": 2023,
          "cost": 96499709.18,
          "suspicion_score": 80
        },
        {
          "project_id": "48f4af36-6136-4d22-bc34-32b4d6b5786b",
          "description": "Construction of Flood Mitigation Structure along Meycauayan River (Liputan - Nagbalon), Sta. 04+000 ",
          "location": "CITY OF MEYCAUAYAN (BULACAN), BULACAN",
          "year": 2022,
          "cost": 96498187.66,
          "suspicion_score": 80
        },
        {
          "project_id": "500978e8-c320-46b0-8d1d-84bff53c3a88",
          "description": "Construction of Flood Control Structure including outfall along Barangay Virgen Delos Flores, Sta. B",
          "location": "CITY OF BALIUAG (BULACAN), BULACAN",
          "year": 2022,
          "cost": 48999991.09,
          "suspicion_score": 80
        },
        {
          "project_id": "4cca5463-dc64-4628-8797-94facff598ef",
          "description": "Construction of Flood Control Structure along Angat River, Sta. Barbara, Baliuag, Bulacan (K010+080 ",
          "location": "CITY OF BALIUAG (BULACAN), BULACAN",
          "year": 2023,
          "cost": 72373023.56,
          "suspicion_score": 80
        },
        {
          "project_id": "7777afd4-e5a6-4e48-9664-2e62428fd91e",
          "description": "Construction of Riverwall at Barangay Sulivan, Sta. 02+310 to Sta. 02+710, Baliuag, Bulacan",
          "location": "CITY OF BALIUAG (BULACAN), BULACAN",
          "year": 2023,
          "cost": 96498859.48,
          "suspicion_score": 80
        },
        {
          "project_id": "36bc5a7e-08b0-42ed-bbc6-92eae4a69775",
          "description": "Construction of River Control Project at Barangay Tangos, Sta. 00+300 to Sta. 00+700, Baliuag, Bulac",
          "location": "CITY OF BALIUAG (BULACAN), BULACAN",
          "year": 2023,
          "cost": 96499304.28,
          "suspicion_score": 80
        },
        {
          "project_id": "78bcf041-6d3d-4b72-8045-db36beb0f9d1",
          "description": "Construction of Flood Control Structure Mag-asawang Sapa Creek, San Ildefonso, Bulacan",
          "location": "SAN ILDEFONSO (BULACAN), BULACAN",
          "year": 2022,
          "cost": 67547136.97,
          "suspicion_score": 80
        },
        {
          "project_id": "66ef0837-5081-47fc-bf9a-2873e922d19e",
          "description": "Construction of River Control Project at Barangay Sulivan, Sta. 01+900 to Sta. 02+300, Baliuag, Bula",
          "location": "CITY OF BALIUAG (BULACAN), BULACAN",
          "year": 2023,
          "cost": 96498762.72,
          "suspicion_score": 80
        },
        {
          "project_id": "1e360104-03e4-4335-a2ca-a04059731de2",
          "description": "Construction of Flood Mitigation Structure along Meycauayan River (Liputan - Nagbalon), Sta. 04+400 ",
          "location": "CITY OF MEYCAUAYAN (BULACAN), BULACAN",
          "year": 2022,
          "cost": 96497603.14,
          "suspicion_score": 80
        },
        {
          "project_id": "cec8994a-92c1-4fef-9fab-342e4f6a8bc6",
          "description": "Construction of Revetment along Canas River, Barangay Buenavista, General Trias, Cavite",
          "location": "CITY OF GENERAL TRIAS (CAVITE), CAVITE",
          "year": 2022,
          "cost": 144733536.2,
          "suspicion_score": 80
        },
        {
          "project_id": "46017859-8939-4f22-ac16-16d6e3a262e3",
          "description": "Construction of Reinforced Concrete Flood Control Structure at Barangay Pagala (Purok 3 to Purok 4),",
          "location": "CITY OF BALIUAG (BULACAN), BULACAN",
          "year": 2024,
          "cost": 77199166.63,
          "suspicion_score": 80
        },
        {
          "project_id": "da511d32-b104-4a88-8258-34b676bc72e4",
          "description": "Construction of Flood Control Structure Along Ciudad De Victoria Tributaries leading to Bocaue River",
          "location": "BOCAUE (BULACAN), BULACAN",
          "year": 2022,
          "cost": 148498575.1,
          "suspicion_score": 80
        },
        {
          "project_id": "76d814ca-140a-43c4-85f8-28bf0f2461ed",
          "description": "Improvement of Waterways with Flood Control Structures along Balagtas River, Sta. 0 + 000 to Sta. 0 ",
          "location": "BALAGTAS (BIGAA) (BULACAN), BULACAN",
          "year": 2022,
          "cost": 62724996.89,
          "suspicion_score": 80
        },
        {
          "project_id": "20e7a25a-9e65-4ff1-b6ea-a494da889a3e",
          "description": "Construction of Flood Control Structure along Bocaue - Santa Maria River, Sta. 02+050 - Sta. 02+200,",
          "location": "CITY OF MEYCAUAYAN (BULACAN), BULACAN",
          "year": 2024,
          "cost": 96499973.82,
          "suspicion_score": 80
        },
        {
          "project_id": "a1a6cbc5-0eea-466a-a559-7e3ad552fd3d",
          "description": "Construction of Flood Control Structure along Bocaue - Santa Maria River, Sta. 01+900 - Sta. 02+050,",
          "location": "CITY OF MEYCAUAYAN (BULACAN), BULACAN",
          "year": 2024,
          "cost": 96499880.38,
          "suspicion_score": 80
        },
        {
          "project_id": "0dac3491-0399-4017-a5ad-0800175b0578",
          "description": "Construction of Flood control Structure along Bocaue - Santa Maria River, Ubihan Section, Meycauayan",
          "location": "CITY OF MEYCAUAYAN (BULACAN), BULACAN",
          "year": 2023,
          "cost": 96499601.54,
          "suspicion_score": 80
        },
        {
          "project_id": "67768a1d-8582-4ef0-9dc4-12084f8b2001",
          "description": "Construction of Flood Control Structure at Guiguinto River (Bagbag Creek, Sta. 0 + 000 - Sta. 0 + 78",
          "location": "GUIGUINTO (BULACAN), BULACAN",
          "year": 2022,
          "cost": 45079500.38,
          "suspicion_score": 80
        },
        {
          "project_id": "27a3c010-be14-4f7f-80f3-4deb82e41386",
          "description": "Rehabilitation of Waterways and Construction of Water Pumping Station at Barangay Malis, Guiguinto, ",
          "location": "GUIGUINTO (BULACAN), BULACAN",
          "year": 2023,
          "cost": 77682237.38,
          "suspicion_score": 80
        },
        {
          "project_id": "e4f3ed6b-c875-474c-b882-3f06c1b08ae7",
          "description": "Rehabilitation of Waterways and Construction of Water Pumping Station at Barangay Poblacion, Guiguin",
          "location": "GUIGUINTO (BULACAN), BULACAN",
          "year": 2023,
          "cost": 96495872.05,
          "suspicion_score": 80
        },
        {
          "project_id": "82a40a9d-53e7-46ea-bbcb-a02cd72d2f4f",
          "description": "Rehabilitation of Riverwall along Tullahan River at Brgy. San Agustin to Brgy. Concepcion, Malabon C",
          "location": "CITY OF MALABON (METROPOLITAN MANILA), MALABON CITY",
          "year": 2023,
          "cost": 144750000.0,
          "suspicion_score": 80
        },
        {
          "project_id": "7f7ffa5e-1bb0-4e98-822f-ca2167b25a00",
          "description": "Construction of Flood Control Structure along Bulo River, Sta. 12+700 - Sta. 13+000, San Miguel, Bul",
          "location": "SAN MIGUEL (BULACAN), BULACAN",
          "year": 2022,
          "cost": 61485086.19,
          "suspicion_score": 80
        },
        {
          "project_id": "a7760c93-10dd-49a1-a7d4-b3ed301fc0b5",
          "description": "Construction of Flood Control Structure along Bulo River, Sta. 13+000 - Sta. 13+ 600, Sta. Lucia, Sa",
          "location": "SAN MIGUEL (BULACAN), BULACAN",
          "year": 2022,
          "cost": 96498941.25,
          "suspicion_score": 80
        },
        {
          "project_id": "689ff708-7348-44f7-9406-91fc88540ad1",
          "description": "Construction of Flood Control Structure along Bulo River, Sta. 13+600 - Sta. 14+200, Sta. Lucia, San",
          "location": "SAN MIGUEL (BULACAN), BULACAN",
          "year": 2022,
          "cost": 96496520.01,
          "suspicion_score": 80
        },
        {
          "project_id": "d13ffd93-5234-4eec-a6bb-e1c61ed4bf1d",
          "description": "Construction of Flood Control Structure, Dulong Bayan (Phase III), City of San jose Del Monte, Bulac",
          "location": "CITY OF SAN JOSE DEL MONTE (BULACAN), BULACAN",
          "year": 2023,
          "cost": 96496572.72,
          "suspicion_score": 80
        },
        {
          "project_id": "e4fd8e95-8f3d-4313-8e5b-adcfe66648a1",
          "description": "Construction of Flood Control Structure along Santa Maria River and Its Tributaries, Sta. 16+552-Sta",
          "location": "SANTA MARIA (BULACAN), BULACAN",
          "year": 2024,
          "cost": 96499408.89,
          "suspicion_score": 80
        },
        {
          "project_id": "4c7e7378-6686-460b-9de2-4c4bf8c12155",
          "description": "Construction of flood control Structure at the Langka-Libtong tributaries of Meycauayan River (Left ",
          "location": "CITY OF MEYCAUAYAN (BULACAN), BULACAN",
          "year": 2023,
          "cost": 67549932.15,
          "suspicion_score": 80
        },
        {
          "project_id": "9b665e9a-da93-4333-8f62-9aa960131179",
          "description": "Construction of Flood Control Structure along Santa Maria River and Its Tributaries, Sta. 16+252-Sta",
          "location": "SANTA MARIA (BULACAN), BULACAN",
          "year": 2024,
          "cost": 96499990.88,
          "suspicion_score": 80
        },
        {
          "project_id": "695c93f2-1e76-4aa6-b365-40c2063247c0",
          "description": "Construction of Flood Control Structure along Bulo River, Sta. 14+200 - Sta. 14+800, Sta. Lucia, San",
          "location": "SAN MIGUEL (BULACAN), BULACAN",
          "year": 2022,
          "cost": 96497418.82,
          "suspicion_score": 80
        },
        {
          "project_id": "493ac024-b3e0-4c04-a16f-01ef6aa716ef",
          "description": "Improvement of Poblacion - Sta. Clara Creek, Sta. Maria River Improvement, Sta. Maria, Bulacan",
          "location": "SANTA MARIA (BULACAN), BULACAN",
          "year": 2022,
          "cost": 95533084.87,
          "suspicion_score": 80
        },
        {
          "project_id": "1fa7c2e4-c069-40bd-bf1a-f93ecd49d6d6",
          "description": "Construction of Revetment along Imus River (Tributary to Manila Bay), Brgy. Fatima, Dasmariñas City,",
          "location": "CITY OF DASMARIÑAS (CAVITE), CAVITE",
          "year": 2022,
          "cost": 94300703.89,
          "suspicion_score": 80
        },
        {
          "project_id": "d3b04b23-4698-4ee0-a723-cc1415ff4af5",
          "description": "Construction of Dike along Santo Cristo River, Barangay Kaypian, San Jose del Monte City, Bulacan",
          "location": "CITY OF SAN JOSE DEL MONTE (BULACAN), BULACAN",
          "year": 2024,
          "cost": 96496378.66,
          "suspicion_score": 80
        },
        {
          "project_id": "590131b0-3dd5-402c-a0d1-896f95313d86",
          "description": "Construction of Flood Control Structure, along NCR/ Bulacan Bdry. - Bigte - Ipo Dam Road Ilog Bayan ",
          "location": "CITY OF SAN JOSE DEL MONTE (BULACAN), BULACAN",
          "year": 2022,
          "cost": 94569655.86,
          "suspicion_score": 80
        },
        {
          "project_id": "5463fc3b-5f4c-47c0-9353-38eb3ee4f060",
          "description": "Construction of Flood Control Structure, Ilog Bayan River, San Jose Del Monte City, Bulacan",
          "location": "CITY OF SAN JOSE DEL MONTE (BULACAN), BULACAN",
          "year": 2022,
          "cost": 94568676.93,
          "suspicion_score": 80
        },
        {
          "project_id": "408b473f-ba00-4174-96b6-5395822591ab",
          "description": "Improvement Marikina River at Sta. 17 + 490 to Sta. 18 + 510, Marikina City",
          "location": "CITY OF MARIKINA (METROPOLITAN MANILA), MARIKINA CITY",
          "year": 2023,
          "cost": 93035955.95,
          "suspicion_score": 80
        },
        {
          "project_id": "5b1a6adf-abee-432c-8f1f-4f3d3846ae22",
          "description": "Rehabilitation of Road Dike at Barangay Malanday, Marikina City",
          "location": "CITY OF MARIKINA (METROPOLITAN MANILA), MARIKINA CITY",
          "year": 2022,
          "cost": 46522147.58,
          "suspicion_score": 80
        },
        {
          "project_id": "26ed7e78-5b52-4f33-933d-a9249b9b3bec",
          "description": "Construction of Drainage Outfall, Twinville Subdivision, Marikina City",
          "location": "CITY OF MARIKINA (METROPOLITAN MANILA), MARIKINA CITY",
          "year": 2022,
          "cost": 46531390.29,
          "suspicion_score": 80
        },
        {
          "project_id": "18d408cb-b928-4635-a705-819cbb353b93",
          "description": "Improvement of Nangka River, Marikina City",
          "location": "CITY OF MARIKINA (METROPOLITAN MANILA), MARIKINA CITY",
          "year": 2024,
          "cost": 94534207.04,
          "suspicion_score": 80
        },
        {
          "project_id": "076359bb-6666-436f-9003-611d821a376c",
          "description": "Construction of Drainage System along Olive St., Marikina City",
          "location": "CITY OF MARIKINA (METROPOLITAN MANILA), MARIKINA CITY",
          "year": 2022,
          "cost": 46531269.11,
          "suspicion_score": 80
        },
        {
          "project_id": "940c8147-b5ce-48a9-b3ba-5dfdf5e4f03a",
          "description": "Improvement along Nangka River, Left Side Facing Upstream, from Sta. 5+156.00 to Sta. 5+524.80",
          "location": "CITY OF MARIKINA (METROPOLITAN MANILA), MARIKINA CITY",
          "year": 2022,
          "cost": 91630467.22,
          "suspicion_score": 80
        },
        {
          "project_id": "46e2ca4e-4499-460b-8bba-4b6379694c2c",
          "description": "Improvement along Nangka River, Left Side Facing Upstream, from Sta. 5+524.80 to Sta. 5+893.60",
          "location": "CITY OF MARIKINA (METROPOLITAN MANILA), MARIKINA CITY",
          "year": 2022,
          "cost": 91620467.22,
          "suspicion_score": 80
        },
        {
          "project_id": "76fab1f8-7cd8-40cb-ab55-1b97f5f490af",
          "description": "Bank Improvement of Slope Protection along Marikina River (Package 3), Pasig City",
          "location": "CITY OF PASIG (METROPOLITAN MANILA), PASIG CITY",
          "year": 2022,
          "cost": 88395424.56,
          "suspicion_score": 80
        },
        {
          "project_id": "75ed8520-0bd3-446e-92e9-57ceb2e319cf",
          "description": "Improvement of Marikina River, Barangay Tumana, Marikina City (Phase 1)",
          "location": "CITY OF MARIKINA (METROPOLITAN MANILA), MARIKINA CITY",
          "year": 2024,
          "cost": 94376471.21,
          "suspicion_score": 80
        },
        {
          "project_id": "01ee7089-8aed-4a99-beef-56cc01b330ab",
          "description": "Improvement of Marikina River, Barangay Tumana, Marikina City (Phase 2)",
          "location": "CITY OF MARIKINA (METROPOLITAN MANILA), MARIKINA CITY",
          "year": 2024,
          "cost": 94547887.26,
          "suspicion_score": 80
        }
      ]
    },
    {
      "name": "WAWAO BUILDERS",
      "coa_reason": "Flagged in COA Bulacan fraud findings for flood-mitigation projects",
      "coa_source": "COA Bulacan fraud reports",
      "project_count": 53,
      "total_value": 3829053304.7700014,
      "projects": [
        {
          "project_id": "f56936ce-8ccf-428a-824e-2a25b26cb870",
          "description": "Construction of Flood Mitigation Structures along Barangay San Nicolas, Hagonoy, Bulacan",
          "location": "HAGONOY (BULACAN), BULACAN",
          "year": 2023,
          "cost": 77199997.92,
          "suspicion_score": 80
        },
        {
          "project_id": "ae24affb-1bfd-4928-952c-4429b606aa27",
          "description": "Construction of Flood Mitigation Structures along Barangay Sta. Monica, Hagonoy, Bulacan",
          "location": "HAGONOY (BULACAN), BULACAN",
          "year": 2023,
          "cost": 77140881.95,
          "suspicion_score": 80
        },
        {
          "project_id": "059449bc-f6b3-43d7-8883-1c9bf6183c88",
          "description": "Construction of Flood Mitigation Structures along Barangay San Agustin, Hagonoy, Bulacan",
          "location": "HAGONOY (BULACAN), BULACAN",
          "year": 2023,
          "cost": 77199989.04,
          "suspicion_score": 80
        },
        {
          "project_id": "e3223afd-5634-4cde-94f1-d93a541538a1",
          "description": "Construction of Flood Mitigation Structures along Barangay Sta. Lucia, Calumpit, Bulacan",
          "location": "CALUMPIT (BULACAN), BULACAN",
          "year": 2023,
          "cost": 77199980.44,
          "suspicion_score": 80
        },
        {
          "project_id": "08a1189e-bdbc-42a3-8bf3-e3ea5130fe04",
          "description": "Construction of Flood Mitigation Structures along Barangay San Miguel, Hagonoy, Bulacan",
          "location": "HAGONOY (BULACAN), BULACAN",
          "year": 2023,
          "cost": 77199994.01,
          "suspicion_score": 80
        },
        {
          "project_id": "5635ea3d-0244-4882-bb1c-cef7b063d49d",
          "description": "Construction of Flood Mitigation Structures along Barangay San Juan, Hagonoy, Bulacan",
          "location": "HAGONOY (BULACAN), BULACAN",
          "year": 2023,
          "cost": 77199987.19,
          "suspicion_score": 80
        },
        {
          "project_id": "f6131afd-7eb1-4d5e-87eb-a4443941984b",
          "description": "Construction of Flood Mitigation Structures along Barangay Bulusan, Calumpit, Bulacan",
          "location": "CALUMPIT (BULACAN), BULACAN",
          "year": 2023,
          "cost": 77199991.76,
          "suspicion_score": 80
        },
        {
          "project_id": "ec4750c0-acfa-464d-8221-5768ddd0f67e",
          "description": "Construction of Flood Mitigation Structures along Barangay San Pablo, Hagonoy, Bulacan",
          "location": "HAGONOY (BULACAN), BULACAN",
          "year": 2023,
          "cost": 77199981.45,
          "suspicion_score": 80
        },
        {
          "project_id": "b968a426-3f23-4fbd-8c38-4156ed1e19c7",
          "description": "Construction of Flood Mitigation Structures along Barangay Frances, Calumpit, Bulacan",
          "location": "CALUMPIT (BULACAN), BULACAN",
          "year": 2023,
          "cost": 77199999.65,
          "suspicion_score": 80
        },
        {
          "project_id": "1e75eec5-8fdc-4df2-9f02-cc67897cf309",
          "description": "Construction of Flood Mitigation Structures along Barangay Matimbo, Malolos, Bulacan",
          "location": "CITY OF MALOLOS (CAPITAL) (BULACAN), BULACAN",
          "year": 2023,
          "cost": 48999995.78,
          "suspicion_score": 80
        },
        {
          "project_id": "132a0af2-1756-43c0-bfa1-a5dce5a4f3aa",
          "description": "Construction of Flood Control Structure along Angat River, Lumbang Bayan Section, Plaridel, Bulacan",
          "location": "PLARIDEL (BULACAN), BULACAN",
          "year": 2024,
          "cost": 96499893.19,
          "suspicion_score": 80
        },
        {
          "project_id": "b6604f2e-fe6f-48a2-b3be-89fbade63484",
          "description": "Construction of Riverbank Protection Structure along Angat River, Barangay Poblacion, Plaridel, Bula",
          "location": "PLARIDEL (BULACAN), BULACAN",
          "year": 2024,
          "cost": 72374778.18,
          "suspicion_score": 80
        },
        {
          "project_id": "4c07a7f6-4e48-4b64-a009-28b133c89b03",
          "description": "Construction of Riverbank Protection Structure at Barangay Bulihan, Malolos City, Bulacan",
          "location": "CITY OF MALOLOS (CAPITAL) (BULACAN), BULACAN",
          "year": 2024,
          "cost": 77188533.89,
          "suspicion_score": 80
        },
        {
          "project_id": "0038f70b-af3d-4cd9-a768-d5cb17c14c39",
          "description": "Construction of Riverbank Protection Structure at Barangay Malis (Phase III), Guiguinto, Bulacan",
          "location": "GUIGUINTO (BULACAN), BULACAN",
          "year": 2024,
          "cost": 98999939.04,
          "suspicion_score": 80
        },
        {
          "project_id": "33f99fd9-cff9-4763-bbbc-ef63d71bfaf4",
          "description": "Construction of Riverbank Protection Structure at Barangay Iba, Hagonoy, Bulacan",
          "location": "HAGONOY (BULACAN), BULACAN",
          "year": 2024,
          "cost": 77199192.34,
          "suspicion_score": 80
        },
        {
          "project_id": "cd4baaea-f649-4b0f-ab40-e9d846022a79",
          "description": "Construction of River Control Project along Balagtas River, Pandi Section, Sta. 01+690 to Sta. 02+04",
          "location": "PANDI (BULACAN), BULACAN",
          "year": 2023,
          "cost": 96447739.58,
          "suspicion_score": 80
        },
        {
          "project_id": "6ac4a3b8-5b80-473a-8f50-bb956804e8d5",
          "description": "Construction of Flood Mitigation Structures along Barangay Bambang, Bulacan, Bulacan",
          "location": "BULACAN (BULACAN), BULACAN",
          "year": 2023,
          "cost": 77199976.53,
          "suspicion_score": 80
        },
        {
          "project_id": "731a1c81-1015-4abd-9f9a-e3b1e2db65fc",
          "description": "Construction of River Control Project along Bocaue River, Bambang Section, Sta. 08+790 to Sta. 08+99",
          "location": "BOCAUE (BULACAN), BULACAN",
          "year": 2023,
          "cost": 96499970.89,
          "suspicion_score": 80
        },
        {
          "project_id": "dc196cee-4de8-4990-889a-6c1d08101ae2",
          "description": "Construction of Riverbank Protection Structure (Phase IV) at Barangay San Roque, Baliuag, Bulacan",
          "location": "CITY OF BALIUAG (BULACAN), BULACAN",
          "year": 2024,
          "cost": 72374388.95,
          "suspicion_score": 80
        },
        {
          "project_id": "c79b6a41-6182-44a6-84fe-245562712059",
          "description": "Construction of Riverbank Protection Structure at Barangay Iba-Ibayo, Hagonoy, Bulacan",
          "location": "HAGONOY (BULACAN), BULACAN",
          "year": 2024,
          "cost": 77197558.67,
          "suspicion_score": 80
        },
        {
          "project_id": "26618fd6-2385-4c17-8981-55c9ca490fe8",
          "description": "Construction of Flood Mitigation Structure at Barangay Masile, City of Malolos, Bulacan",
          "location": "CITY OF MALOLOS (CAPITAL) (BULACAN), BULACAN",
          "year": 2022,
          "cost": 34299237.64,
          "suspicion_score": 80
        },
        {
          "project_id": "814c6450-23c1-4163-8b18-033f9dd8afbd",
          "description": "Construction of Flood Mitigation Structures along Barangay Babatnin, Malolos, Bulacan",
          "location": "CITY OF MALOLOS (CAPITAL) (BULACAN), BULACAN",
          "year": 2023,
          "cost": 48999995.09,
          "suspicion_score": 80
        },
        {
          "project_id": "afe03ccc-6933-4301-81ba-6c63a73cc7de",
          "description": "Construction of Riverbank Protection Structure at Barangay Calero, Malolos City, Bulacan",
          "location": "CITY OF MALOLOS (CAPITAL) (BULACAN), BULACAN",
          "year": 2024,
          "cost": 77197885.27,
          "suspicion_score": 80
        },
        {
          "project_id": "833e736b-9bac-4a27-8dd1-1f0d1a09125f",
          "description": "Construction of Flood Mitigation Structures along Barangay Pinalagdan, Paombong, Bulacan",
          "location": "PAOMBONG (BULACAN), BULACAN",
          "year": 2023,
          "cost": 77194184.92,
          "suspicion_score": 80
        },
        {
          "project_id": "629184ab-b53d-47dc-8a25-ca1e54ba2a77",
          "description": "Construction of Riverbank Protection Structure at Barangay San Miguel, Calumpit, Bulacan",
          "location": "CALUMPIT (BULACAN), BULACAN",
          "year": 2024,
          "cost": 77197298.97,
          "suspicion_score": 80
        },
        {
          "project_id": "265b912a-97e3-4c46-af5c-714b43237f5b",
          "description": "Construction of Riverbank Protection Structure at Barangay Santa Cruz, Guiguinto, Bulacan",
          "location": "GUIGUINTO (BULACAN), BULACAN",
          "year": 2024,
          "cost": 96499302.69,
          "suspicion_score": 80
        },
        {
          "project_id": "3fe4dbb5-be5e-4eff-bb82-7bbcc303eb8e",
          "description": "Construction of Flood Mitigation Structures along Barangay Taal, Pulilan, Bulacan",
          "location": "PULILAN (BULACAN), BULACAN",
          "year": 2023,
          "cost": 48999988.7,
          "suspicion_score": 80
        },
        {
          "project_id": "79c49cc6-ccd4-4a5f-925f-035d931cf396",
          "description": "Construction of Flood Mitigation Structures along Barangay San Roque, Paombong, Bulacan",
          "location": "PAOMBONG (BULACAN), BULACAN",
          "year": 2023,
          "cost": 77197446.53,
          "suspicion_score": 80
        },
        {
          "project_id": "f0a7834c-13ed-4671-abb9-5c7362fb05fb",
          "description": "Construction of Flood Control Structure along Angat River, Sipat Section, Plaridel, Bulacan",
          "location": "PLARIDEL (BULACAN), BULACAN",
          "year": 2024,
          "cost": 96499992.1,
          "suspicion_score": 80
        },
        {
          "project_id": "92f50427-d1fa-4e8b-ac50-57ea023cbd1f",
          "description": "Construction of River Control Project along Balagtas River, Barangay Malibong Bata, Sta. 02+250 to S",
          "location": "PANDI (BULACAN), BULACAN",
          "year": 2023,
          "cost": 96317780.07,
          "suspicion_score": 80
        },
        {
          "project_id": "06633465-621f-4343-b09e-37f641d06b71",
          "description": "Construction of Reinforced Concrete Flood Control Structure along Angat River, Tanawan Section, Bust",
          "location": "BUSTOS (BULACAN), BULACAN",
          "year": 2024,
          "cost": 77199138.89,
          "suspicion_score": 80
        },
        {
          "project_id": "0ef06abb-2e54-45b2-9b3f-becc81e6ff44",
          "description": "Improvement of Waterways and Construction of Concrete Revetment along Angat River Bonga Menor Sectio",
          "location": "BUSTOS (BULACAN), BULACAN",
          "year": 2023,
          "cost": 48999985.43,
          "suspicion_score": 80
        },
        {
          "project_id": "fd1651f5-a6a4-4f12-a0f4-98ece9541d27",
          "description": "Construction of Flood Control Structure, Barangay San Juan, Wawa, and Panginay, Balagtas, Bulacan",
          "location": "BALAGTAS (BIGAA) (BULACAN), BULACAN",
          "year": 2024,
          "cost": 151504905.3,
          "suspicion_score": 80
        },
        {
          "project_id": "c5291ec4-6b22-4974-aad6-4c03ffa69be8",
          "description": "Construction of Flood Mitigation Structures along Barangay Santo Cristo, Pulilan, Bulacan",
          "location": "PULILAN (BULACAN), BULACAN",
          "year": 2023,
          "cost": 48999986.25,
          "suspicion_score": 80
        },
        {
          "project_id": "40d21adc-4e20-46fb-8e51-0ed41cc0d9a2",
          "description": "Construction of Flood Control Structure, Barangay Santa Cruz, Guiguinto, Bulacan",
          "location": "GUIGUINTO (BULACAN), BULACAN",
          "year": 2024,
          "cost": 72374267.49,
          "suspicion_score": 80
        },
        {
          "project_id": "34eebdaa-e585-4331-b958-fcc2d55fcc13",
          "description": "Construction of Flood Control Structure along Guiguinto River, Malis Section, Guiguinto, Bulacan",
          "location": "GUIGUINTO (BULACAN), BULACAN",
          "year": 2024,
          "cost": 96499968.29,
          "suspicion_score": 80
        },
        {
          "project_id": "733063e7-c90f-4c7b-a453-4fe91e40a27b",
          "description": "Construction of Flood Mitigation Structures along Barangay Bagumbayan, Bulacan, Bulacan",
          "location": "BULACAN (BULACAN), BULACAN",
          "year": 2023,
          "cost": 77199971.28,
          "suspicion_score": 80
        },
        {
          "project_id": "7711f395-197e-4ddc-a9d4-ab8b81ce19ea",
          "description": "Construction of Flood Control Structure at Barangay San Roque, Baliuag, Bulacan (K001+062 to K001+36",
          "location": "CITY OF BALIUAG (BULACAN), BULACAN",
          "year": 2023,
          "cost": 72372354.56,
          "suspicion_score": 80
        },
        {
          "project_id": "740bd316-6c4c-4ce8-b7e3-0aff19b331b6",
          "description": "Construction of Flood Mitigation Structures along Barangay Matungao, Bulacan, Bulacan",
          "location": "BULACAN (BULACAN), BULACAN",
          "year": 2023,
          "cost": 77199986.09,
          "suspicion_score": 80
        },
        {
          "project_id": "ef5eefc8-ed99-445d-8040-c03c5d1d9f11",
          "description": "Construction of Riverwall along Guiguinto River, Daungan Section, Sta. 03+060 to Sta. 03+420, Guigui",
          "location": "GUIGUINTO (BULACAN), BULACAN",
          "year": 2023,
          "cost": 96499860.92,
          "suspicion_score": 80
        },
        {
          "project_id": "c30f9f21-6849-4216-bbf9-63fb1637bee8",
          "description": "Improvement of Major River System and Construction of Spur Dike along Angat River, Sta. 0 + 532 - St",
          "location": "PLARIDEL (BULACAN), BULACAN",
          "year": 2022,
          "cost": 62715942.26,
          "suspicion_score": 80
        },
        {
          "project_id": "3ce3404d-136d-4fd0-a29f-7c5c0cc1caf7",
          "description": "Construction of Slope Protection along Ermitaño Creek, San Juan City",
          "location": "CITY OF SAN JUAN (METROPOLITAN MANILA), SAN JUAN CITY",
          "year": 2022,
          "cost": 18619991.16,
          "suspicion_score": 80
        },
        {
          "project_id": "3179b1a5-8fbc-4842-bc75-c838c9533d4e",
          "description": "Rehabilitation of San Juan River, Phase III, Quezon City",
          "location": "QUEZON CITY (METROPOLITAN MANILA), QUEZON CITY",
          "year": 2022,
          "cost": 43100448.71,
          "suspicion_score": 80
        },
        {
          "project_id": "aaeea0b4-aa22-4c94-b444-e2d46fb27ce4",
          "description": "Construction of Flood Control Wall along the Banks of Creeks, Brgy. 174 (Phase 3), Caloocan City",
          "location": "CALOOCAN CITY (METROPOLITAN MANILA), CALOOCAN CITY",
          "year": 2022,
          "cost": 43626337.58,
          "suspicion_score": 80
        },
        {
          "project_id": "227407ae-5821-4f57-bcef-88a2ecd606ce",
          "description": "Construction of Slope Protection along Salapan Creek, San Juan City",
          "location": "CITY OF SAN JUAN (METROPOLITAN MANILA), SAN JUAN CITY",
          "year": 2022,
          "cost": 75344255.34,
          "suspicion_score": 80
        },
        {
          "project_id": "816387aa-16b2-468a-8bdf-0c3db61a774e",
          "description": "Rehabilitation of Maytunas Creek, Barangay Maytunas, San Juan City",
          "location": "CITY OF SAN JUAN (METROPOLITAN MANILA), SAN JUAN CITY",
          "year": 2022,
          "cost": 65144336.31,
          "suspicion_score": 80
        },
        {
          "project_id": "3f3ea6bc-1cd9-45fb-8b8c-390a0a3dd4a0",
          "description": "Construction of Flood Control Wall (Phase 2), Villa Maria, Brgy. 168, Caloocan City",
          "location": "CALOOCAN CITY (METROPOLITAN MANILA), CALOOCAN CITY",
          "year": 2022,
          "cost": 38155429.67,
          "suspicion_score": 80
        },
        {
          "project_id": "f31007be-0c42-43e3-a471-8e0a4f7557ad",
          "description": "Construction of Flood Control Wall along Bank of Creek in Barangay 163, (Phase 3), Caloocan City",
          "location": "CALOOCAN CITY (METROPOLITAN MANILA), CALOOCAN CITY",
          "year": 2023,
          "cost": 28516336.77,
          "suspicion_score": 80
        },
        {
          "project_id": "50d37492-b2f6-41c6-9a90-faab6397be97",
          "description": "Construction of Box Culvert along Barangay 173, Caloocan City",
          "location": "CALOOCAN CITY (METROPOLITAN MANILA), CALOOCAN CITY",
          "year": 2024,
          "cost": 47970672.03,
          "suspicion_score": 80
        },
        {
          "project_id": "eada5e3a-7557-4c25-905e-7ca03863c67c",
          "description": "Construction of Flood Control Wall along the Bank of Creeks in Phase 7, Brgy. 176, Caloocan City",
          "location": "CALOOCAN CITY (METROPOLITAN MANILA), CALOOCAN CITY",
          "year": 2023,
          "cost": 47774811.92,
          "suspicion_score": 80
        },
        {
          "project_id": "f7f54d9a-78cb-40f7-9d95-97cb2e8cf8c3",
          "description": "Construction of Slope Protection along Ramos Creek at Sitio Campanario, Barangay Pagkalinawan, Jala-",
          "location": "JALA-JALA (RIZAL), RIZAL",
          "year": 2022,
          "cost": 49500000.0,
          "suspicion_score": 80
        },
        {
          "project_id": "be364679-92ba-468b-9c84-1d225c653cb4",
          "description": "Construction of Structure for River Protection Along Malitlit Waterways, (Near Ust), Sta. Rosa City,",
          "location": "CITY OF SANTA ROSA (LAGUNA), LAGUNA",
          "year": 2023,
          "cost": 96408436.09,
          "suspicion_score": 80
        },
        {
          "project_id": "38c6d3ea-83be-4fd1-823d-6f12338c01e3",
          "description": "Construction of Flood Control Structure along Sabang River, Barangay San Jose, General Luna, Quezon",
          "location": "GENERAL LUNA (QUEZON), QUEZON",
          "year": 2024,
          "cost": 77200000.0,
          "suspicion_score": 80
        }
      ]
    },
    {
      "name": "DARCY & ANNA BUILDERS & TRADING",
      "coa_reason": "Implicated in flagged Bulacan flood-control projects",
      "coa_source": "COA reports",
      "project_count": 24,
      "total_value": 1478945225.88,
      "projects": [
        {
          "project_id": "95efaf82-3c28-4982-aaba-2fa01ee52e1c",
          "description": "Construction of Revetment along Hagonoy River at Barangay Santo Rosario, Hagonoy, Bulacan",
          "location": "HAGONOY (BULACAN), BULACAN",
          "year": 2023,
          "cost": 67549976.37,
          "suspicion_score": 80
        },
        {
          "project_id": "d9f0d1f8-26a6-4e21-a026-9a2bdbb6aa28",
          "description": "Construction of Revetment along Pampanga River at Barangay Meyto, Calumpit, Bulacan",
          "location": "CALUMPIT (BULACAN), BULACAN",
          "year": 2023,
          "cost": 72374980.21,
          "suspicion_score": 80
        },
        {
          "project_id": "47c9b496-dc05-4dee-a34a-e91299b9a977",
          "description": "Construction of Riverbank Protection Structure at Barangay Meysulao, Calumpit, Bulacan",
          "location": "CALUMPIT (BULACAN), BULACAN",
          "year": 2024,
          "cost": 77198007.55,
          "suspicion_score": 80
        },
        {
          "project_id": "cea9f6ff-b8f1-4f15-ab88-98c9874ead71",
          "description": "Construction of Flood Mitigation Structure at barangay Frances (Phase II), Calumpit, Bulacan",
          "location": "CALUMPIT (BULACAN), BULACAN",
          "year": 2023,
          "cost": 48999979.8,
          "suspicion_score": 80
        },
        {
          "project_id": "9fca5866-c815-46fe-b8d8-7ec471609386",
          "description": "Construction of Riverbank Protection Structure at Barangay Carillo, Hagonoy, Bulacan",
          "location": "HAGONOY (BULACAN), BULACAN",
          "year": 2024,
          "cost": 77199918.56,
          "suspicion_score": 80
        },
        {
          "project_id": "d90b7bd4-9cff-4b3f-ba56-0227477e8771",
          "description": "Construction of Riverbank Protection Structure at Barangay Abulalas, Hagonoy, Bulacan",
          "location": "HAGONOY (BULACAN), BULACAN",
          "year": 2024,
          "cost": 77199988.25,
          "suspicion_score": 80
        },
        {
          "project_id": "35469fc0-2d7f-45e0-8ed1-53d801d09e52",
          "description": "Construction of Riverbank Protection Structure at Barangay Mambog, Malolos City, Bulacan",
          "location": "CITY OF MALOLOS (CAPITAL) (BULACAN), BULACAN",
          "year": 2024,
          "cost": 77199984.52,
          "suspicion_score": 80
        },
        {
          "project_id": "8efeaeed-e4c8-4989-9b26-4dd49d928f60",
          "description": "Construction of Flood Control System along Angat River Lumang Bayan Section, Plaridel, Bulacan (Sta.",
          "location": "PLARIDEL (BULACAN), BULACAN",
          "year": 2023,
          "cost": 77199391.48,
          "suspicion_score": 80
        },
        {
          "project_id": "d584610f-3e20-49ba-a155-e9823b847f3c",
          "description": "Construction of Flood Control Structure along Bocaue River, Barangay Bambang, Bocaue, Bulacan (K011+",
          "location": "BOCAUE (BULACAN), BULACAN",
          "year": 2023,
          "cost": 72374656.27,
          "suspicion_score": 80
        },
        {
          "project_id": "29ad676f-81e8-4fbe-9184-b8f9dce4b8fa",
          "description": "Construction of Riverbank Protection Structure at Barangay San Vicente, Malolos City, Bulacan",
          "location": "CITY OF MALOLOS (CAPITAL) (BULACAN), BULACAN",
          "year": 2024,
          "cost": 77199461.62,
          "suspicion_score": 80
        },
        {
          "project_id": "b896acdd-b517-4863-b0cd-c73b3fd95fce",
          "description": "Construction of Riverbank Protection Structure at Barangay Batbatnin, Malolos City, Bulacan",
          "location": "CITY OF MALOLOS (CAPITAL) (BULACAN), BULACAN",
          "year": 2024,
          "cost": 77199938.27,
          "suspicion_score": 80
        },
        {
          "project_id": "4b106f61-6af8-4928-a04c-60428c7a4764",
          "description": "Construction of Waterways and Construction of Concrete Revetment along Angat River Dampol Section, P",
          "location": "PLARIDEL (BULACAN), BULACAN",
          "year": 2023,
          "cost": 49499463.32,
          "suspicion_score": 80
        },
        {
          "project_id": "81b86dec-fc59-4f4a-8616-e0f7f5c75686",
          "description": "Construction of Riverbank Protection Structure at Barangay Atlag, Malolos City, Bulacan",
          "location": "CITY OF MALOLOS (CAPITAL) (BULACAN), BULACAN",
          "year": 2024,
          "cost": 77199896.46,
          "suspicion_score": 80
        },
        {
          "project_id": "f1a06019-931c-4d79-8fdf-1cac03debfdd",
          "description": "Construction of Flood Control System at Barangay Pagala, Baliuag, Bulacan (Sta. 02+900 to Sta. 03+16",
          "location": "CITY OF BALIUAG (BULACAN), BULACAN",
          "year": 2023,
          "cost": 77188797.98,
          "suspicion_score": 80
        },
        {
          "project_id": "a7f0989c-d0f4-45ba-bedc-3470dc093f85",
          "description": "Construction of Riverbank Protection Structure at Barangay Anilao, Malolos City, Bulacan",
          "location": "CITY OF MALOLOS (CAPITAL) (BULACAN), BULACAN",
          "year": 2024,
          "cost": 77199993.5,
          "suspicion_score": 80
        },
        {
          "project_id": "f47d866d-3d35-429b-9e91-59b071177dfc",
          "description": "Construction of Flood Control Structure along Angat River, Barangay Sabang Baliuag, Bulacan (K000+87",
          "location": "CITY OF BALIUAG (BULACAN), BULACAN",
          "year": 2023,
          "cost": 72373243.31,
          "suspicion_score": 80
        },
        {
          "project_id": "05bb578c-cb35-4c0e-88cb-e5a29a2575c3",
          "description": "Construction of Drainage System at Bayview Drive, Barangay Tambo, Parañaque City",
          "location": "CITY OF PARAÑAQUE (METROPOLITAN MANILA), PARAÑAQUE CITY",
          "year": 2023,
          "cost": 5940000.0,
          "suspicion_score": 80
        },
        {
          "project_id": "38de55fd-28d3-44c5-9b92-d1784ceab52c",
          "description": "Construction of Flood Control Structure at Ermitaño Creek, Brgy. Addition Hills, San Juan City",
          "location": "CITY OF SAN JUAN (METROPOLITAN MANILA), SAN JUAN CITY",
          "year": 2023,
          "cost": 44096995.9,
          "suspicion_score": 80
        },
        {
          "project_id": "c2057406-f4e8-4e07-b067-2834abd1fb3a",
          "description": "Construction of Flood Control Structure along Banks of Creeks, Barangay 172, Caloocan City (Phase 3)",
          "location": "CALOOCAN CITY (METROPOLITAN MANILA), CALOOCAN CITY",
          "year": 2023,
          "cost": 85195339.66,
          "suspicion_score": 80
        },
        {
          "project_id": "4abf3de9-cc2a-4db0-ab3f-fa31fbcfdf28",
          "description": "Construction of Flood Control Structure along the Banks of Creeks along Kabatuhan Rd., Barangay 168,",
          "location": "CALOOCAN CITY (METROPOLITAN MANILA), CALOOCAN CITY",
          "year": 2023,
          "cost": 85034813.77,
          "suspicion_score": 80
        },
        {
          "project_id": "cb20b88a-735d-46eb-9bfe-1c133813d300",
          "description": "Rehabilitation of Flood Control Wall along the Banks of Creeks, Brgy. 169, Caloocan City",
          "location": "CALOOCAN CITY (METROPOLITAN MANILA), CALOOCAN CITY",
          "year": 2022,
          "cost": 9515920.52,
          "suspicion_score": 80
        },
        {
          "project_id": "0fe4dffc-ae5a-47f4-af6e-f7e4a5b4a4c2",
          "description": "Rehabilitation of Slope Protection at Maytunas Creek, San Juan City",
          "location": "CITY OF SAN JUAN (METROPOLITAN MANILA), SAN JUAN CITY",
          "year": 2023,
          "cost": 40203391.26,
          "suspicion_score": 80
        },
        {
          "project_id": "bf362295-cf84-441c-8c1f-aae135bd1bfd",
          "description": "Construction of Revetment near Salvador Bridge (Downstream Side), Barangay San Isidro, Parañaque Cit",
          "location": "CITY OF PARAÑAQUE (METROPOLITAN MANILA), PARAÑAQUE CITY",
          "year": 2023,
          "cost": 48999627.3,
          "suspicion_score": 80
        },
        {
          "project_id": "7a41601a-4011-4c8b-b401-b8a40c774336",
          "description": "Construction of Box Culvert in Brgy. Castillo, Padre Garcia, Batangas",
          "location": "PADRE GARCIA (BATANGAS), BATANGAS",
          "year": 2022,
          "cost": 4801460.0,
          "suspicion_score": 80
        }
      ]
    },
    {
      "name": "LE BRON CONSTRUCTION",
      "coa_reason": "JV partner in flagged contract with conflict-of-interest concerns",
      "coa_source": "COA building contract audit",
      "project_count": 16,
      "total_value": 960880229.6000001,
      "projects": [
        {
          "project_id": "d9bb3220-3b54-4832-9b25-275b5e2bc648",
          "description": "Rehabilitation of Drainage Structure, Phase 5, Zone 41-57, Manila City",
          "location": "CITY OF MANILA (METROPOLITAN MANILA), CITY OF MANILA",
          "year": 2025,
          "cost": 4798989.63,
          "suspicion_score": 80
        },
        {
          "project_id": "c23c3caf-5e18-4597-a193-96bbfccee12c",
          "description": "Rehabilitation of Flood Control Structure (Phase 2), Barangay Pasong Putik, Quezon City",
          "location": "QUEZON CITY (METROPOLITAN MANILA), QUEZON CITY",
          "year": 2023,
          "cost": 48993565.33,
          "suspicion_score": 80
        },
        {
          "project_id": "5785408a-ccfc-46aa-be3e-49a609409fad",
          "description": "Rehabilitation of Doroteo Jose St. including Drainage System, Manila City",
          "location": "CITY OF MANILA (METROPOLITAN MANILA), CITY OF MANILA",
          "year": 2022,
          "cost": 55672291.67,
          "suspicion_score": 80
        },
        {
          "project_id": "9df3882a-0189-494e-a6ca-00704e064299",
          "description": "Rehabilitation of Flood Control Structure, Barangay Gulod, Quezon City",
          "location": "QUEZON CITY (METROPOLITAN MANILA), QUEZON CITY",
          "year": 2022,
          "cost": 73477621.25,
          "suspicion_score": 80
        },
        {
          "project_id": "f5a42fa0-728c-484e-ab43-e28d09b8eae4",
          "description": "Construction of Flood Control Structure along Tullahan River and Tributaries, Barangay Gulod, Quezon",
          "location": "QUEZON CITY (METROPOLITAN MANILA), QUEZON CITY",
          "year": 2024,
          "cost": 143273224.8,
          "suspicion_score": 80
        },
        {
          "project_id": "db2251cf-1672-4d59-b291-0455344eccda",
          "description": "Construction of Flood Control Structure along Tullahan River, Bagong Tulay, Barangay Gulod, Quezon C",
          "location": "QUEZON CITY (METROPOLITAN MANILA), QUEZON CITY",
          "year": 2024,
          "cost": 48416798.62,
          "suspicion_score": 80
        },
        {
          "project_id": "aaa1c3bc-c9e0-4660-98eb-e4cfa2675b2e",
          "description": "Construction of Slope Protection along Sto. Domingo River, Barangay Sto. Domingo, Santa Rosa City, L",
          "location": "CITY OF SANTA ROSA (LAGUNA), LAGUNA",
          "year": 2023,
          "cost": 9899592.24,
          "suspicion_score": 80
        },
        {
          "project_id": "5811c3fa-e9e0-448c-8efa-c0ca398c77d5",
          "description": "Rehabilitation of Flood Control Structure of Villa Verde Creek, Barangay Sta. Monica, Quezon City",
          "location": "QUEZON CITY (METROPOLITAN MANILA), QUEZON CITY",
          "year": 2023,
          "cost": 49499890.92,
          "suspicion_score": 80
        },
        {
          "project_id": "9d346af4-e898-465b-9d86-1040aa474503",
          "description": "Rehabilitation of Flood Control Structure, Barangay Sta. Lucia, Quezon City",
          "location": "QUEZON CITY (METROPOLITAN MANILA), QUEZON CITY",
          "year": 2022,
          "cost": 73288204.5,
          "suspicion_score": 80
        },
        {
          "project_id": "b6d5842c-97dc-41c8-9d57-ad7d04004bc2",
          "description": "Rehabilitation of Flood Control of Barangay San Bartolome, Quezon City",
          "location": "QUEZON CITY (METROPOLITAN MANILA), QUEZON CITY",
          "year": 2022,
          "cost": 73386271.5,
          "suspicion_score": 80
        },
        {
          "project_id": "dcdba5ea-ade7-4df1-b90f-8aa55f48c463",
          "description": "Rehabilitation of Estero de Vitas, (Phase I), Tondo, Manila",
          "location": "CITY OF MANILA (METROPOLITAN MANILA), CITY OF MANILA",
          "year": 2023,
          "cost": 38592779.28,
          "suspicion_score": 80
        },
        {
          "project_id": "2abd42ba-3d42-4870-8fbb-370e486dbf6c",
          "description": "Rehabilitation of Flood Control Structure, Kaybukot Creek, Barangay Gulod, Quezon City",
          "location": "QUEZON CITY (METROPOLITAN MANILA), QUEZON CITY",
          "year": 2024,
          "cost": 28157584.94,
          "suspicion_score": 80
        },
        {
          "project_id": "10328b34-0706-49f4-804e-9dc745453808",
          "description": "Construction of Flood Control Structure at La Mesa Ecopark, Quezon City",
          "location": "QUEZON CITY (METROPOLITAN MANILA), QUEZON CITY",
          "year": 2023,
          "cost": 48019525.44,
          "suspicion_score": 80
        },
        {
          "project_id": "504fd26c-982f-4c7e-991f-807062889339",
          "description": "Maintenance/Rehabilitation of Flood Control Structures, Brgy. Sta. Lucia, Quezon City",
          "location": "QUEZON CITY (METROPOLITAN MANILA), QUEZON CITY",
          "year": 2022,
          "cost": 72548700.0,
          "suspicion_score": 80
        },
        {
          "project_id": "ef4b4168-072e-46a5-b979-30cc51ce6e98",
          "description": "Construction of Structure for River Protection Along Malitlit Waterways, (Near Eton Road), Sta. Rosa",
          "location": "CITY OF SANTA ROSA (LAGUNA), LAGUNA",
          "year": 2023,
          "cost": 96427776.33,
          "suspicion_score": 80
        },
        {
          "project_id": "9ab7ab47-6828-46f6-9d04-28cbfde52bc1",
          "description": "Construction of Structure for River Protection Along Malitlit Waterways, (Near Eton Road), Sta. Rosa",
          "location": "CITY OF SANTA ROSA (LAGUNA), LAGUNA",
          "year": 2023,
          "cost": 96427413.15,
          "suspicion_score": 80
        }
      ]
    },
    {
      "name": "SYMS CONSTRUCTION TRADING",
      "coa_reason": "Fully-paid but non-existent or substandard flood-control works in Bulacan",
      "coa_source": "COA Bulacan fraud reports",
      "project_count": 14,
      "total_value": 787208838.6099999,
      "projects": [
        {
          "project_id": "077b91aa-3ea4-459a-aace-738d538a6f8c",
          "description": "Construction of Flood Control Structure, Barangay Atlag, Malolos City, Bulacan",
          "location": "CITY OF MALOLOS (CAPITAL) (BULACAN), BULACAN",
          "year": 2024,
          "cost": 72374895.37,
          "suspicion_score": 80
        },
        {
          "project_id": "111af47f-1b95-4376-a772-9316a695af48",
          "description": "Construction of Flood Mitigation Structure, Brgy. San Jose, Calumpit, Bulacan",
          "location": "CALUMPIT (BULACAN), BULACAN",
          "year": 2023,
          "cost": 24499119.13,
          "suspicion_score": 80
        },
        {
          "project_id": "4a624873-0d2b-4f4c-af08-ba0cb21b93c0",
          "description": "Construction of Reinforced Concrete Flood Control Structure, Barangay Santa Monica (Purok 6 to Purok",
          "location": "HAGONOY (BULACAN), BULACAN",
          "year": 2024,
          "cost": 67549830.35,
          "suspicion_score": 80
        },
        {
          "project_id": "f2407005-3874-4fb0-bed1-4deda192bef3",
          "description": "Construction of Reinforced Concrete Flood Control Structure, Barangay Sagrada Familia (Purok 4 to Pu",
          "location": "HAGONOY (BULACAN), BULACAN",
          "year": 2024,
          "cost": 67549901.28,
          "suspicion_score": 80
        },
        {
          "project_id": "9a9e4832-9279-438e-a504-70ea20b87aac",
          "description": "Construction of Revetment at Sta. Elena - San Pedro along Angat River at Hagonoy, Bulacan",
          "location": "HAGONOY (BULACAN), BULACAN",
          "year": 2024,
          "cost": 38599137.21,
          "suspicion_score": 80
        },
        {
          "project_id": "3c4cd6a4-416c-4e89-9e50-6952b83cd727",
          "description": "Construction of Reinforced Concrete Slope Revetment at Barangay Tikay, Malolos City, Bulacan",
          "location": "CITY OF MALOLOS (CAPITAL) (BULACAN), BULACAN",
          "year": 2024,
          "cost": 67549811.86,
          "suspicion_score": 80
        },
        {
          "project_id": "d7213793-276f-4153-bb9c-4e67f73805d7",
          "description": "Construction of Reinforced Concrete Slope Revetment at Barangay Bulihan, Malolos City, Bulacan",
          "location": "CITY OF MALOLOS (CAPITAL) (BULACAN), BULACAN",
          "year": 2024,
          "cost": 62724643.44,
          "suspicion_score": 80
        },
        {
          "project_id": "d496dd99-3201-4450-a0a8-abefe89eafd8",
          "description": "Construction of Revetment at Carillo - Abulalas along Angat River at Hagonoy, Bulacan",
          "location": "HAGONOY (BULACAN), BULACAN",
          "year": 2024,
          "cost": 38599219.72,
          "suspicion_score": 80
        },
        {
          "project_id": "93704d7a-fa84-491a-af86-c8e295ad91e3",
          "description": "Construction of Reinforced Concrete Flood Control Structure, Barangay Caliligawan, Malolos City, Bul",
          "location": "CITY OF MALOLOS (CAPITAL) (BULACAN), BULACAN",
          "year": 2024,
          "cost": 72366243.51,
          "suspicion_score": 80
        },
        {
          "project_id": "65993a96-a84a-445c-bc1a-facf56418226",
          "description": "Construction of Reinforced Concrete Flood Control Structure, Barangay Atlag, Malolos City, Bulacan",
          "location": "CITY OF MALOLOS (CAPITAL) (BULACAN), BULACAN",
          "year": 2024,
          "cost": 72374953.65,
          "suspicion_score": 80
        },
        {
          "project_id": "065268fd-5c3a-4964-aa74-31465760c1a5",
          "description": "Construction of Reinforced Concrete Flood Control Structure along Angat River, San Pedro Section, Bu",
          "location": "BUSTOS (BULACAN), BULACAN",
          "year": 2024,
          "cost": 77199087.48,
          "suspicion_score": 80
        },
        {
          "project_id": "5fad1818-fda9-4229-bff2-b4e3873faf70",
          "description": "Construction of Revetment (Concrete Slope) at Sitio Pulo, San Roque, Paombong, Bulacan",
          "location": "PAOMBONG (BULACAN), BULACAN",
          "year": 2023,
          "cost": 14847428.18,
          "suspicion_score": 80
        },
        {
          "project_id": "27fae627-0a8f-47db-b2c6-d169c7949aa9",
          "description": "Construction of Reinforced Concrete Slope Revetment at Barangay Canalate, Malolos City, Bulacan",
          "location": "CITY OF MALOLOS (CAPITAL) (BULACAN), BULACAN",
          "year": 2024,
          "cost": 62724600.0,
          "suspicion_score": 80
        },
        {
          "project_id": "06c081f7-f6cd-450b-9678-cabc38a1a8ff",
          "description": "Construction of Flood Control Structure along Angat River, Brgy. Pinagtulayan, Norzagaray, Bulacan",
          "location": "NORZAGARAY (BULACAN), BULACAN",
          "year": 2024,
          "cost": 48249967.43,
          "suspicion_score": 80
        }
      ]
    }
  ]
}